Model,R2,MAE,RMSE
Decision Tree,0.3791593906317028,9.422517683375846,13.202487482551058
