Feature,Importance_mean,Importance_std
VKORC1_code,4.038962402430927,0.40771570117370226
Weight (kg),0.9303716518539635,0.19010552430452296
Age,0.6696611670643804,0.1423455209584028
CYP2C9_code,0.5157433171568628,0.09794269874747098
Height (cm),0.21628162028445566,0.23785019782327974
Gender_code,0.0,0.0
