Feature,Importance_mean,Importance_std
VKORC1_code,3.4816103701205927,0.2580238278566514
Weight (kg),1.1258115978237222,0.1387382559047884
Age,0.9721247259723118,0.13939000011591937
CYP2C9_code,0.670058660254503,0.08463038841404837
Height (cm),0.4269748229966703,0.1257689443114935
Gender_code,-0.006301259921474589,0.01681957709919075
