Feature,Importance_mean,Importance_std
VKORC1_code,0.4194953690879379,0.02783402961520792
Age,0.09489906430931226,0.01197105044590314
Weight (kg),0.09086747612853355,0.015112081222671152
CYP2C9_code,0.08984579576961008,0.011676993832990777
Height (cm),0.022470058693920512,0.007162150850876304
Gender_code,0.007924385706029501,0.0046092841387072704
