Model,R2,MAE,RMSE
Linear Regression,0.464520666592686,8.677008563050379,12.261315376801004
