Model,R2,MAE,RMSE
Ridge Regression,0.46436288200100084,8.665748012587619,12.26312170621895
