Feature,Importance_mean,Importance_std
VKORC1_code,0.40915567335515973,0.027073455632879963
Age,0.09353593189222592,0.011751629067532547
Weight (kg),0.09077633928365628,0.014952422723589985
CYP2C9_code,0.08617944763441315,0.01131583263553056
Height (cm),0.02341782388926406,0.007240321851267819
Gender_code,0.00780715047593461,0.004528288310918976
